{
  "ammo_id": "/pa/units/land/tank_flak/tank_flak_ammo.json",
  "auto_attack": true,
  "base_spec": "/pa/tools/base_missile_turret/base_missile_turret.json",
  "firing_arc_pitch": 180,
  "firing_arc_yaw": 180,
  "max_range": 100,
  "pitch_range": 0,
  "pitch_rate": 180,
  "rate_of_fire": 20,
  "spread_fire": true,
  "target_layers": [
    "WL_Air"
  ],
  "target_priorities": [
    "Air & Bomber",
    "Air & Gunship",
    "Air & Mobile"
  ],
  "yaw_range": 0,
  "yaw_rate": 180
}