{
  "armor_damage_map": {
    "AT_Bot": 0.0,
    "AT_Commander": 0.0,
    "AT_Hover": 0.0,
    "AT_Naval": 0.0,
    "AT_Orbital": 0.0,
    "AT_Structure": 0.0,
    "AT_Vehicle": 0.0
  },
  "audio_loop": "/SE/Movement/missile/catapult_missile_fly_loop",
  "base_spec": "/pa/ammo/base_shell/base_shell.json",
  "burn_damage": 0,
  "burn_radius": 0,
  "cruise_height": 20,
  "damage": 10000000000000000,
  "damage_volume": {
    "burnable_remove_radius": 0.0,
    "delay": 0,
    "initial_radius": 20.0,
    "radius_accel": -40.0,
    "radius_velocity": 200.0
  },
  "events": {
    "died": {
      "audio_cue": "/SE/Impacts/cannon_uber",
      "effect_spec": "/pa/units/land/tank_flak/flak_tank_explosion.pfx"
    }
  },
  "flight_type": "Staged",
  "full_damage_splash_radius": 400,
  "fx_trail": {
    "filename": "/pa/effects/specs/shell_proj_trail.pfx",
    "offset": [
      0.0,
      0.8,
      0.0
    ]
  },
  "influence_radius": 400,
  "initial_velocity": 60.0,
  "lifetime": 15,
  "max_velocity": 60.0,
  "physics": {
    "add_to_spatial_db": false,
    "gravity_scalar": 5,
    "ignore_gravity": true,
    "radius": 1
  },
  "splash_damage": 300,
  "splash_radius": 800,
  "stages": [
    {
      "ignores_LOS": true,
      "ignores_gravity": true,
      "rotates_to_velocity": true,
      "stage_duration": 10,
      "stage_turn_rate": 0
    },
    {
      "apply_thrust": false,
      "ignores_LOS": true,
      "ignores_gravity": false,
      "rotates_to_velocity": true,
      "stage_duration": 700,
      "stage_turn_rate": 0
    },
    {
      "die_here": true
    }
  ],
  "turn_rate": 30
}