{"base_spec":"/pa/ammo/base_missiles/base_missile.json","flight_type":"Seeking","model":{"filename":"/pa/units/air/atoa_missile/atoa_missile.papa"},"fx_trail":{"filename":"/pa/units/air/missile_tactical/missile_tactical_trail.pfx","offset":[0.0,2.2,0.0]},"events":{"died":{"audio_cue":"/SE/Impacts/missile_tactical","effect_spec":"/pa/effects/specs/default_explosion.pfx"}},"damage":500,"splash_damage":500,"splash_radius":19,"lifetime":30,"initial_velocity":70.0,"max_velocity":70.0,"turn_rate":150}