{
  "author": "Grzegorz2121",
  "authors": [
    "Grzegorz2121"
  ],
  "available": true,
  "build": "94684",
  "classic": true,
  "companions": [],
  "conflicts": {},
  "context": "server",
  "date": "2016-07-12",
  "dependencies": [],
  "description": "Better balanced than true lobs",
  "display_name": "Kappa mod",
  "download": "https://github.com/Grzegorz2121/Kappa/raw/master/com.grzegorz.kappa.zip",
  "enabled": true,
  "fileSystem": false,
  "forum": "",
  "framework": false,
  "icon": "",
  "identifier": "com.grzegorz.kappa",
  "priority": "98",
  "scenes": {},
  "searchable": [
    "false",
    "economy",
    "units",
    "classic",
    "titans",
    "gameplay",
    "Grzegorz2121"
  ],
  "signature": " ",
  "sort": "kappa",
  "timestamp": 1468281600000,
  "titans": true,
  "titansOnly": false,
  "unitList": false,
  "url": "https://github.com/Grzegorz2121/Kappa/archive/master.zip",
  "version": "0.3"
}