{
    "context": "server",
    "identifier": "com.grzegorz.kappa",
    "display_name": "Kappa mod",
    "description": "Better balanced than true lobs",
    "author": "Grzegorz2121",
    "authors": [
        "Grzegorz2121"   ],
    "version": "0.3",
    "build": "94684",
    "date": "2016-07-12",
    "signature": " ",
    "forum": "",
    "priority": "98",
    "url": "https://github.com/Grzegorz2121/Kappa/archive/master.zip",
    "download": "https://github.com/Grzegorz2121/Kappa/raw/master/com.grzegorz.kappa.zip",
    "unitList": false,
    "fileSystem": false,
    "searchable": [
        "false",
        "economy",
        "units",
        "classic",
        "titans",
        "gameplay",
        "Grzegorz2121"   ],
    "sort": "kappa",
    "icon": "",
    "timestamp": 1468281600000,
    "dependencies": [],
    "companions": [],
    "scenes": {},
    "framework": false,
    "available": true,
    "enabled": true,
    "titansOnly": false,
    "classic": true,
    "titans": true,
    "conflicts": {}
}