{
    "author": "Grzegorz2121",
    "build": "94684",
    "context": "server",
    "date": "2016-09-01",
    "dependencies": [
        "com.grzegorz.kappa"
    ],
    "description": " New Balance ",
    "display_name": "Kappa",
    "enabled": true,
    "hidden": false,
    "identifier": "com.grzegorz.kappa",
    "priority": 95,
    "signature": "(not yet implemented)",
    "version": "0.1",
    "url": "",
    "download": "",
    "unitList": false,
    "fileSystem": false,
    "searchable": [
    "stuart98"
    ],
    "sort": "planetary",
    "authors": [
        "Grzegorz2121"
    ],
    "forum": "",
    "icon": "",
    "timestamp": 1472688000000,
    "companions": [],
    "scenes": {},
    "framework": false,
    "available": true,
    "titansOnly": false,
    "classicOnly": false,
    "classic": false,
    "titans": false,
    "conflicts": {}
}