{
  "base_spec": "/pa/ammo/base_missiles/base_missile_seeking.json",
  "collision_check": "target",
  "collision_response": "destroy",
  "damage": 1000,
  "flight_type": "Seeking",
  "fx_trail": {
    "filename": "/pa/units/orbital/ion_defense/ion_defense_antidrop_ammo_trail.pfx",
    "offset": [
      0.0,
      1.4,
      0.0
    ]
  },
  "initial_velocity": 50.0,
  "lifetime": 5,
  "max_velocity": 200.0,
  "model": {
    "filename": "/pa/units/air/missile/missile.papa"
  },
  "splash_damage": 300,
  "splash_radius": 50,
  "turn_rate": 720
}