{
	"base_spec" : "/pa/ammo/base_missiles/base_missile_tactical.json",
	"damage" : 1000,
	"splash_damage" : 500,
	"splash_radius" : 10,
	"cruise_height" : 75,
	"initial_velocity" : 80.0,
	"max_velocity" : 80.0,
	"turn_rate" : 95,
	"lifetime" : 35,
	"influence_radius" : 400,
	"model" : {
		"filename" : "/pa/units/air/atoa_missile/atoa_missile.papa"
	},
	"fx_trail" : {
		"filename" : "/pa/units/air/missile_tactical/missile_tactical_trail.pfx",
		"offset" : [0.0, 4.6, 0.0]
	},
	"events" : {
		"died" : {
			"audio_cue" : "/SE/Impacts/missile_catapult",
			"effect_spec" : "/pa/effects/specs/default_proj_area_explosion.pfx"
		}
	},
	"audio_loop" : "/SE/Movement/missile/catapult_missile_fly_loop",
	"physics" : {
		"radius" : 1,
		"gravity_scalar" : 5,
		"ignore_gravity" : true,
		"add_to_spatial_db" : true
	},
	"armor_damage_map" : {
		"AT_Orbital" : 0.5
	},
	"flight_type" : "Staged",
	"stages" : [{
			"ignores_gravity" : true,
			"ignores_LOS" : true,
			"stage_duration" : 450,
			"stage_turn_rate" : 0,
			"rotates_to_velocity" : true
		}, {
			"ignores_gravity" : true,
			"ignores_LOS" : true,
			"stage_duration" : 0,
			"stage_turn_rate" : 120,
			"stage_change_range" : 80,
			"rotates_to_velocity" : true
		}, {
			"ignores_gravity" : false,
			"ignores_LOS" : false,
			"stage_duration" : 5000,
			"stage_turn_rate" : 360,
			"rotates_to_velocity" : true
		}
	]
}
