{
  "TEMP_texelinfo": 15.8261,
  "atrophy_cool_down": 0.1,
  "atrophy_rate": 30.0,
  "audio": {
    "selection_response": {
      "cue": "/SE/Selection/structure/artillery"
    }
  },
  "base_spec": "/pa/units/land/base_structure/base_structure.json",
  "build_metal_cost": 180,
  "command_caps": [
    "ORDER_Attack"
  ],
  "description": "!LOC:Tactical Missile Launcher- Very heavy damage. Long-range. Attacks land, sea, and orbital targets.",
  "display_name": "!LOC:Catapult",
  "events": {
    "build_complete": {
      "audio_cue": "/SE/Build_Complete/factory"
    },
    "died": {
      "audio_cue": "/SE/Death/Factory",
      "effect_scale": 0.5
    },
    "fired": {
      "audio_cue": "/SE/Weapons/structure/tact_mis_launcher_catapult_fire",
      "effect_spec": "/pa/units/land/tactical_missile_launcher/tactical_missile_launcher_launch.pfx"
    }
  },
  "guard_layer": "WL_AnySurface",
  "max_health": 1500,
  "mesh_bounds": [
    10,
    10,
    8.7
  ],
  "model": [
    {
      "animations": {
        "end": "/pa/units/land/tactical_missile_launcher/tactical_missile_launcher_anim_end.papa",
        "start": "/pa/units/land/tactical_missile_launcher/tactical_missile_launcher_anim_start.papa"
      },
      "animtree": "/pa/anim/anim_trees/tactical_missile_launcher_anim_tree.json",
      "filename": "/pa/units/land/tactical_missile_launcher/tactical_missile_launcher.papa",
      "layer": "WL_LandHorizontal",
      "skirt_decal": "/pa/effects/specs/skirt_08.json"
    },
    {
      "animations": {
        "end": "/pa/units/land/tactical_missile_launcher/tactical_missile_launcher_anim_end.papa",
        "start": "/pa/units/land/tactical_missile_launcher/tactical_missile_launcher_anim_start.papa"
      },
      "animtree": "/pa/anim/anim_trees/tactical_missile_launcher_anim_tree.json",
      "filename": "/pa/units/sea/tactical_missile_launcher/tactical_missile_launcher.papa",
      "layer": "WL_WaterSurface"
    }
  ],
  "placement_size": [
    18,
    18
  ],
  "recon": {
    "observer": {
      "items": [
        {
          "channel": "sight",
          "layer": "surface_and_air",
          "radius": 100,
          "shape": "capsule"
        },
        {
          "channel": "sight",
          "layer": "underwater",
          "radius": 100,
          "shape": "capsule"
        }
      ]
    }
  },
  "selection_icon": {
    "diameter": 18.0
  },
  "spawn_layers": "WL_AnyHorizontalGroundOrWaterSurface",
  "tools": [
    {
      "aim_bone": "bone_missile01",
      "muzzle_bone": "bone_missile01",
      "spec_id": "/pa/units/land/tactical_missile_launcher/tactical_missile_launcher_tool_weapon.json"
    },
    {
      "aim_bone": "bone_missile01",
      "muzzle_bone": "bone_missile01",
      "spec_id": "/pa/units/land/tactical_missile_launcher/tactical_missile_tool_antidrop.json"
    }
  ],
  "unit_types": [
    "UNITTYPE_Land",
    "UNITTYPE_Structure",
    "UNITTYPE_Tactical",
    "UNITTYPE_Defense",
    "UNITTYPE_Advanced",
    "UNITTYPE_FabAdvBuild"
  ]
}