{
  "TEMP_texelinfo": 6.1803,
  "audio": {
    "loops": {
      "move": {
        "cue": "/SE/Movement/air/air_fighter_loop",
        "flag": "vel_changed",
        "should_start_func": "is_moving_laterally",
        "should_stop_func": "is_not_moving"
      }
    },
    "selection_response": {
      "cue": "/SE/Selection/air/fighter",
      "effect_scale": 1.0,
      "effect_spec": "/pa/units/air/base_flyer/base_flyer_death.pfx"
    }
  },
  "base_spec": "/pa/units/air/base_flyer/base_flyer.json",
  "build_metal_cost": 180,
  "description": "!LOC:Fighter- Fast. High damage. Only attacks air targets.",
  "display_name": "!LOC:Hummingbird",
  "events": {
    "build_complete": {
      "audio_cue": "/SE/Build_Complete/air"
    },
    "died": {
      "audio_cue": "/SE/Death/Air",
      "effect_scale": 0.85,
      "effect_spec": "/pa/units/air/base_flyer/base_flyer_death.pfx"
    },
    "fired": {
      "audio_cue": "/SE/Weapons/air/fighter_fire"
    }
  },
  "fx_offsets": [
    {
      "filename": "/pa/units/air/fighter/fighter_jets.pfx",
      "offset": [
        0,
        2.9,
        0.836
      ],
      "type": "moving_forward"
    }
  ],
  "guard_layer": "WL_Air",
  "max_health": 150,
  "mesh_bounds": [
    9,
    6.5,
    3.1
  ],
  "model": {
    "arrows": 5,
    "filename": "/pa/units/air/fighter/fighter.papa"
  },
  "navigation": {
    "acceleration": 90,
    "aggressive_distance": 50.0,
    "bank_factor": 10,
    "brake": 90,
    "move_speed": 90,
    "turn_speed": 270,
    "type": "air"
  },
  "physics": {
    "gravity_scalar": 1,
    "radius": 6
  },
  "recon": {
    "observer": {
      "items": [
        {
          "channel": "sight",
          "layer": "surface_and_air",
          "radius": 150,
          "shape": "capsule"
        },
        {
          "channel": "sight",
          "layer": "underwater",
          "radius": 150,
          "shape": "capsule"
        }
      ]
    }
  },
  "selection_icon": {
    "diameter": 16.0
  },
  "tools": [
    {
      "aim_bone": "bone_root",
      "muzzle_bone": "bone_root",
      "spec_id": "/pa/units/air/fighter/fighter_tool_weapon.json"
    }
  ],
  "unit_types": [
    "UNITTYPE_Fighter",
    "UNITTYPE_Air",
    "UNITTYPE_Mobile",
    "UNITTYPE_Offense",
    "UNITTYPE_Basic",
    "UNITTYPE_FactoryBuild"
  ]
}