{
  "ammo_capacity": 1425,
  "ammo_demand": 10,
  "ammo_id": "/pa/units/land/nuke_launcher/nuke_launcher_ammo.json",
  "ammo_per_shot": 5,
  "ammo_source": "energy",
  "auto_attack": true,
  "base_spec": "/pa/tools/base_bomb_bay/base_bomb_bay.json",
  "carpet_fire": true,
  "events": {
    "died": {
      "audio_cue": "/SE/Impacts/missile_seeking",
      "effect_spec": "/pa/units/air/missile_nuke/missile_nuke_implosion.pfx"
    }
  },
  "firing_standard_deviation": 20,
  "max_range": 10,
  "pitch_range": 180,
  "pitch_rate": 3600,
  "rate_of_fire": 20,
  "spread_fire": false,
  "target_layers": [
    "WL_LandHorizontal",
    "WL_WaterSurface",
    "WL_Seafloor",
    "WL_Underwater"
  ],
  "yaw_range": 180,
  "yaw_rate": 3600
}