{"base_spec":"/pa/tools/base_bomb_bay/base_bomb_bay.json","ammo_id":"/pa/units/land/nuke_launcher/nuke_launcher_ammo.json","ammo_source":"energy","rate_of_fire":20,"ammo_capacity":1425,"ammo_demand":10,"ammo_per_shot":5,"max_range":10,"yaw_rate":3600,"pitch_rate":3600,"yaw_range":180,"pitch_range":180,"auto_attack":true,"spread_fire":false,"carpet_fire":true,"firing_standard_deviation":20,"target_layers":["WL_LandHorizontal","WL_WaterSurface","WL_Seafloor","WL_Underwater"],"events":{"died":{"audio_cue":"/SE/Impacts/missile_seeking","effect_spec":"/pa/units/air/missile_nuke/missile_nuke_implosion.pfx"}}}