{"base_spec":"/pa/units/air/base_flyer/base_flyer.json","display_name":"!LOC:Icarus","description":"!LOC:Solar Drone- Produces energy. Mobile but slow. Weak. Attacks land, air, and sea targets.","max_health":40,"build_metal_cost":125,"usable":true,"attachable":{"offsets":{"root":[0,0,0]}},"production":{"energy":175},"unit_types":["UNITTYPE_Air","UNITTYPE_EnergyProduction","UNITTYPE_Mobile","UNITTYPE_Basic","UNITTYPE_FactoryBuild","UNITTYPE_Economy"],"events":{"build_complete":{"audio_cue":"/SE/Build_Complete/air"},"fired":{"audio_cue":"/SE/Weapons/air/solar_drone_fire","effect_spec":"/pa/units/air/solar_drone/solar_drone_muzzle_flash.pfx bone_leftWing01 /pa/units/air/solar_drone/solar_drone_muzzle_flash.pfx bone_rightWing01"},"died":{"audio_cue":"/SE/Death/Air","effect_scale":0.8}},"audio":{"loops":{"move":{"cue":"/SE/Movement/air/air_solar_drone_loop","flag":"vel_changed","should_start_func":"is_moving_laterally","should_stop_func":"is_not_moving"}},"selection_response":{"cue":"/SE/Selection/air/transport"}},"navigation":{"type":"air","acceleration":30,"brake":20,"move_speed":30,"turn_speed":90,"vertical_speed":40,"hover_time":-1.0},"physics":{"radius":5,"gravity_scalar":0.001},"recon":{"observer":{"items":[{"layer":"surface_and_air","channel":"sight","shape":"capsule","radius":50},{"layer":"underwater","channel":"sight","shape":"capsule","radius":50}]}},"model":{"filename":"/pa/units/air/solar_drone/solar_drone.papa","animations":{"fly":"/pa/units/air/solar_drone/solar_drone_anim_fly.papa","building":"/pa/units/air/solar_drone/solar_drone_anim_building.papa","deploy":"/pa/units/air/solar_drone/solar_drone_anim_deploy.papa","idle":"/pa/units/air/solar_drone/solar_drone_anim_idle.papa"},"animtree":"/pa/anim/anim_trees/solar_drone_anim_tree.json"},"tools":[{"spec_id":"/pa/units/air/solar_drone/solar_drone_tool_weapon.json","aim_bone":"bone_root","muzzle_bone":["bone_leftWing01","bone_rightWing01"]}],"TEMP_texelinfo":10.4837,"fx_offsets":[{"type":"idle","filename":"/pa/effects/specs/solar_drone_idle.pfx","bone":"bone_root","offset":[0,0,0]},{"type":"idle","filename":"/pa/effects/specs/solar_drone_jets.pfx","bone":"bone_rightThruster","offset":[0.578,0.0,0.0],"orientation":[0,180,0]},{"type":"idle","filename":"/pa/effects/specs/solar_drone_jets.pfx","bone":"bone_leftThruster","offset":[-0.578,0.0,0.0],"orientation":[180,0,0]}],"selection_icon":{"diameter":21.0},"mesh_bounds":[13.5,13.5,4.7]}