{"base_spec":"/pa/tools/base_bot_weapon/base_bot_weapon.json","ammo_id":"/pa/units/land/bot_grenadier/bot_grenadier_ammo.json","max_firing_velocity":88,"min_firing_velocity":85,"rate_of_fire":0.5,"idle_aim_delay":1.0,"max_range":125,"yaw_rate":360,"pitch_rate":360,"yaw_range":180,"pitch_range":90,"auto_attack":true,"arc_type":"ARC_High","target_layers":["WL_LandHorizontal","WL_Seafloor","WL_WaterSurface"],"target_priorities":["Structure & SurfaceDefense","Structure & Defense","Commander","Mobile - Air","Structure - Wall","Wall"]}