{
  "ammo_capacity": 3750,
  "ammo_demand": 375,
  "ammo_id": "/pa/units/land/bot_grenadier/bot_grenadier_ammo.json",
  "ammo_per_shot": 375,
  "arc_type": "ARC_high",
  "auto_attack": true,
  "base_spec": "/pa/tools/base_artillery_turret/base_artillery_turret.json",
  "carpet_fire": true,
  "carpet_wait_for_full_ammo": true,
  "firing_arc_pitch": 2,
  "firing_arc_yaw": 2,
  "firing_standard_deviation": 3,
  "max_firing_velocity": 1000,
  "max_range": 600,
  "min_firing_velocity": 10,
  "pitch_range": 89,
  "pitch_rate": 100,
  "rate_of_fire": 3,
  "target_layers": [
    "WL_LandHorizontal",
    "WL_Seafloor",
    "WL_WaterSurface",
    "WL_Underwater"
  ],
  "yaw_range": 360,
  "yaw_rate": 100
}