{
	"base_spec" : "/pa/tools/base_bomb_bay/base_bomb_bay.json",
	"ammo_id" : "/pa/units/air/bomber_adv/bomber_adv_ammo.json",
	"ammo_source" : "infinite",
	"rate_of_fire" : 5,
	"max_range" : 280,
	"ammo_capacity" : 1000,
	"ammo_demand" : 10,
	"ammo_per_shot" : 10,
	"yaw_rate" : 3600,
	"pitch_rate" : 3600,
	"yaw_range" : 30,
	"pitch_range" : 180,
	"auto_attack" : true,
	"spread_fire" : true,
	"carpet_fire" : true,
	"carpet_wait_for_full_ammo" : true,
	"firing_standard_deviation" : 0.5,
	"target_layers" : ["WL_LandHorizontal", "WL_WaterSurface", "WL_Seafloor"]
}
