{
  "ammo_capacity": 1000,
  "ammo_demand": 1,
  "ammo_id": "/pa/units/air/bomber_adv/bomber_adv_ammo.json",
  "ammo_per_shot": 100,
  "ammo_source": "metal",
  "auto_attack": true,
  "base_spec": "/pa/tools/base_bomb_bay/base_bomb_bay.json",
  "carpet_fire": true,
  "carpet_wait_for_full_ammo": true,
  "firing_standard_deviation": 0.5,
  "max_range": 280,
  "pitch_range": 180,
  "pitch_rate": 3600,
  "rate_of_fire": 2,
  "spread_fire": true,
  "target_layers": [
    "WL_LandHorizontal",
    "WL_WaterSurface",
    "WL_Seafloor"
  ],
  "yaw_range": 30,
  "yaw_rate": 3600
}