{
	"base_spec" : "/pa/ammo/base_missiles/base_missile_tactical.json",
	"damage" : 1000,
	"splash_damage" : 0,
	"splash_radius" : 0,
	"cruise_height" : 40,
	"initial_velocity" : 20.0,
	"max_velocity" : 80.0,
	"turn_rate" : 360,
	"lifetime" : 15,
	"max_health" : 1,
	"influence_radius" : 400,
	"events" : {
		"died" : {
			"audio_cue" : "/SE/Impacts/bomber_adv",
			"effect_spec" : "/pa/effects/specs/default_proj_area_explosion.pfx"
		}
	},
	"audio_loop" : "/SE/Movement/missile/bomber_t2_fly_loop",
	"physics" : {
		"radius" : 1,
		"gravity_scalar" : 5,
		"ignore_gravity" : true,
		"add_to_spatial_db" : true
	},
	"flight_type" : "Staged",
	"stages" : [{
			"ignores_gravity" : false,
			"ignores_LOS" : true,
			"stage_duration" : 250,
			"stage_turn_rate" : 0,
			"apply_thrust" : false,
			"rotates_to_velocity" : false
		}, {
			"ignores_gravity" : true,
			"ignores_LOS" : true,
			"stage_duration" : 0,
			"stage_turn_rate" : 120,
			"stage_change_range" : 20,
			"rotates_to_velocity" : true
		}, {
			"ignores_gravity" : false,
			"ignores_LOS" : false,
			"stage_duration" : 5000,
			"stage_turn_rate" : 3600,
			"apply_thrust" : true,
			"rotates_to_velocity" : true
		}
	]
}
