{
	"base_spec" : "/pa/ammo/base_bomb/base_bomb.json",
	"damage" : 50,
	"splash_damage" : 50,
	"splash_radius" : 20,
	"full_damage_splash_radius" : 5,
	"splash_damages_allies" : false,
	"initial_velocity" : 15.0,
	"lifetime" : 5,
	"physics" : {
		"radius" : 1,
		"gravity_scalar" : 10,
		"add_to_spatial_db" : false
	},
	"damage_volume" : {
		"initial_radius" : 0.0,
		"radius_velocity" : 60.0
	},
	"model" : {
		"filename" : "/pa/units/air/bomb_guided/bomb_guided.papa"
	},
	"fx_trail" : {
		"filename" : "/pa/effects/specs/shell_artillery_large_proj_trail.pfx",
		"offset" : [0.0, 1.0, 0.0]
	},
	"audio_loop" : "/SE/Movement/missile/artillery_long_missile_fly_loop",
	"events" : {
		"died" : {
			"audio_cue" : "/SE/Impacts/missile_artillery_long_holkins",
			"effect_spec" : "/pa/units/air/bomber_heavy/bomber_heavy_attack.pfx"
		}
	}
	"spawn_unit_on_death" : "/pa/units/land/assault_bot_adv/assault_bot_adv.json"
}
