{
  "ammo_capacity": 3600,
  "ammo_demand": 360,
  "ammo_id": "/pa/units/land/artillery_short/artillery_short_ammo.json",
  "ammo_per_shot": 600,
  "ammo_source": "energy",
  "auto_attack": true,
  "base_spec": "/pa/tools/base_artillery_turret/base_artillery_turret.json",
  "carpet_fire": true,
  "carpet_wait_for_full_ammo": true,
  "firing_arc_pitch": 5,
  "firing_arc_yaw": 0,
  "firing_standard_deviation": 1.5,
  "max_firing_velocity": 160,
  "max_range": 275,
  "min_firing_velocity": 150,
  "physics": {
    "add_to_spatial_db": true,
    "gravity_scalar": 1,
    "push_class": 1,
    "radius": 1
  },
  "pitch_range": 89.9,
  "pitch_rate": 15,
  "rate_of_fire": 5,
  "target_layers": [
    "WL_LandHorizontal",
    "WL_Seafloor",
    "WL_WaterSurface",
    "WL_Underwater"
  ],
  "yaw_range": 180,
  "yaw_rate": 15
}