{
  "audio_loop": "/SE/Movement/missile/artillery_short_missile_fly_loop",
  "base_spec": "/pa/ammo/base_artillery/base_artillery.json",
  "damage": 1000,
  "events": {
    "died": {
      "audio_cue": "/SE/Impacts/missile_artillery_short",
      "effect_spec": "/pa/effects/specs/default_explosion.pfx"
    }
  },
  "full_damage_splash_radius": 10,
  "influence_radius": 400,
  "initial_velocity": 150.0,
  "lifetime": 30,
  "model": {
    "filename": "/pa/units/air/shell_large/shell_large.papa"
  },
  "splash_damage": 300,
  "splash_damages_allies": false,
  "splash_radius": 12
}