{
	"base_spec" : "/pa/ammo/base_artillery/base_artillery.json",
	"damage" : 1000,
	"splash_damage" : 300,
	"splash_radius" : 12,
	"full_damage_splash_radius" : 10,
	"splash_damages_allies" : false,
	"initial_velocity" : 150.0,
	"lifetime" : 30,
	"influence_radius" : 400,
	"audio_loop" : "/SE/Movement/missile/artillery_short_missile_fly_loop",
	"model" : {
		"filename" : "/pa/units/air/shell_large/shell_large.papa"
	},
	"events" : {
		"died" : {
			"audio_cue" : "/SE/Impacts/missile_artillery_short",
			"effect_spec" : "/pa/effects/specs/default_explosion.pfx"
		}
	}
}
