{
  "TEMP_texelinfo": 9.04444,
  "attachable": {
    "offsets": {
      "head": [
        0,
        -0.5,
        6.1
      ],
      "root": [
        0,
        0,
        0
      ]
    }
  },
  "audio": {
    "loops": {
      "move": {
        "cue": "/SE/Movement/veh/nuke_tank_loop",
        "flag": "vel_changed",
        "should_start_func": "is_moving",
        "should_stop_func": "is_not_moving"
      }
    },
    "selection_response": {
      "cue": "/SE/Selection/veh/tank_vagaurd_T2"
    }
  },
  "base_spec": "/pa/units/land/base_vehicle/base_vehicle.json",
  "build_metal_cost": 1,
  "death_weapon": {
    "ground_ammo_spec": "/pa/units/land/tank_nuke/tank_nuke_pbaoe.json"
  },
  "description": "!LOC:Mobile Nuke- Detonates a nuke on death. Slow. Extremely durable. Self-destruct attack.",
  "display_name": "Manhattan",
  "events": {
    "build_complete": {
      "audio_cue": "/SE/Build_Complete/veh"
    },
    "died": {
      "audio_cue": "/SE/Death/Veh",
      "effect_spec": ""
    },
    "fired": {
      "audio_cue": "",
      "effect_spec": ""
    }
  },
  "fx_offsets": [
    {
      "bone": "bone_rotator",
      "filename": "/pa/units/land/tank_nuke/tank_nuke_idle.pfx",
      "type": "idle"
    }
  ],
  "guard_layer": "WL_LandHorizontal",
  "headlights": [
    {
      "color": [
        1.0,
        1.0,
        1.0
      ],
      "far_distance": 30.0,
      "gobo": "/pa/effects/textures/gobo/spotlight_gobo.papa",
      "intensity": 1.5,
      "near_distance": 1.5,
      "near_height": 3.5,
      "near_width": 3.5,
      "offset": [
        0,
        -2.68,
        7.45
      ],
      "orientation": [
        0.0,
        40.0,
        0.0
      ]
    }
  ],
  "lamps": [
    {
      "color": [
        1.0,
        1.0,
        1.0
      ],
      "intensity": 2.0,
      "offset": [
        0,
        -2.68,
        7.45
      ],
      "radius": 1.5
    },
    {
      "color": [
        1.0,
        0.0,
        0.0
      ],
      "intensity": 1.0,
      "offset": [
        0.0,
        6.05,
        4.67
      ],
      "radius": 4.0
    },
    {
      "bone": "bone_rightPad",
      "color": [
        1.0,
        0.0,
        0.0
      ],
      "intensity": 1.0,
      "offset": [
        6.83,
        4.71,
        3.83
      ],
      "radius": 2.0
    },
    {
      "bone": "bone_leftPad",
      "color": [
        1.0,
        0.0,
        0.0
      ],
      "intensity": 1.0,
      "offset": [
        -6.83,
        4.71,
        3.83
      ],
      "radius": 2.0
    }
  ],
  "max_health": 150000,
  "mesh_bounds": [
    12,
    14.5,
    7
  ],
  "model": {
    "animations": {
      "drive": "/pa/units/land/tank_nuke/tank_nuke_anim_drive.papa",
      "idle": "/pa/units/land/tank_nuke/tank_nuke_anim_idle.papa"
    },
    "animtree": "/pa/anim/anim_trees/tank_nuke_anim_tree.json",
    "filename": "/pa/units/land/tank_nuke/tank_nuke.papa"
  },
  "navigation": {
    "acceleration": 700,
    "brake": 70,
    "group_preference": "front",
    "move_speed": 1000,
    "turn_accel": 115,
    "turn_speed": 145,
    "type": "amphibious"
  },
  "physics": {
    "radius": 6
  },
  "recon": {
    "observer": {
      "items": [
        {
          "channel": "sight",
          "layer": "surface_and_air",
          "radius": 100,
          "shape": "capsule"
        },
        {
          "channel": "radar",
          "layer": "surface_and_air",
          "radius": 150,
          "shape": "capsule"
        },
        {
          "channel": "sight",
          "layer": "underwater",
          "radius": 100,
          "shape": "capsule"
        }
      ]
    }
  },
  "scrolling_uv": {
    "scroll_rate": -3.0,
    "uv_split": 0.899
  },
  "selection_icon": {
    "diameter": 28.0
  },
  "tools": [
    {
      "aim_bone": "bone_root",
      "muzzle_bone": "bone_root",
      "spec_id": "/pa/units/land/tank_nuke/tank_nuke_tool_weapon.json"
    }
  ],
  "unit_types": [
    "UNITTYPE_Tank",
    "UNITTYPE_Heavy",
    "UNITTYPE_Mobile",
    "UNITTYPE_Offense",
    "UNITTYPE_Land",
    "UNITTYPE_Advanced",
    "UNITTYPE_FactoryBuild",
    "UNITTYPE_Important"
  ]
}