{
	"base_spec" : "/pa/tools/base_shell_turret/base_shell_turret.json",
	"ammo_id" : "/pa/units/land/bot_tesla/bot_tesla_ammo.json",
	"ammo_source" : "energy",
	"rate_of_fire" : 1,
	"ammo_capacity" : 600,
	"ammo_demand" : 1,
	"ammo_per_shot" : 100,
	"idle_aim_delay" : 3.0,
	"max_range" : 100,
	"yaw_rate" : 360,
	"pitch_rate" : 360,
	"yaw_range" : 180,
	"pitch_range" : 60,
	"spread_fire" : true,
	"auto_attack" : true,
	"carpet_fire" : true,
	"carpet_wait_for_full_ammo" : true,
	"target_layers" : ["WL_LandHorizontal", "WL_WaterSurface"]
}
